First Last,First,Last,Company,Domain
Rich Ford,Rich,Ford,"Roofstock, Inc.",www.roofstock.com
Larry Baker,Larry,Baker,Baker Roofing Company,www.bakerroofing.com
Kim Dushinski,Kim,Dushinski,Premier Roofing Company,www.premier-roofing.com
Bryan Jones,Bryan,Jones,CMR Construction & Roofing,www.cmrconstruction.com
Brad Sutter,Brad,Sutter,Sutter Roofing Company Of Florida,www.sutterroofing.com
James Simon,James,Simon,Simon Roofing and Sheet Metal Corporation,www.simonroofing.com
Anthony Vross,Anthony,Vross,Simon Roofing and Sheet Metal Corporation,www.simonroofing.com
Dan Harris,Dan,Harris,Best Roofing,www.bestroofing.net
Roger Camp,Roger,Camp,"Camp Roofing, Ltd",www.campconstruction.com
Dan Miller,Dan,Miller,Best Roofing,www.bestroofing.net
Steven Soule,Steven,Soule,CMR Construction & Roofing,www.cmrconstruction.com
Ryan Nichols,Ryan,Nichols,ECO Roof and Solar,www.ecoroofandsolar.com
Ed Surber,Ed,Surber,"Advanced Roofing, Inc.",www.advancedroofing.com
Joseph Kennard,Joseph,Kennard,Roofing Contractors Network,www.roofingcontractorsnetwork.net
Gary Beasley,Gary,Beasley,"Roofstock, Inc.",www.roofstock.com
Brandon Grom,Brandon,Grom,Roofing Contractors Network,www.roofingcontractorsnetwork.net
Eyal Babay,Eyal,Babay,"Advanced Roofing, Inc.",www.advancedroofing.com
William Arseneau,William,Arseneau,"Advanced Roofing, Inc.",www.advancedroofing.com
Rayner Snead,Rayner,Snead,"Empire Roofing, Inc",www.empireroofing.com
Premier Roofing,,,Premier Roofing Company,www.premier-roofing.com
